Url,pcategory,scategory
http://www.kiddicare.com/c/Buggies_and_Strollers.htm,"Pushchairs, Prams, Strollers",Shop pushchairs
http://www.kiddicare.com/c/Travel_Systems.htm,"Pushchairs, Prams, Strollers",Shop pushchairs
http://www.kiddicare.com/c/Push_Chairs.htm,"Pushchairs, Prams, Strollers",Shop pushchairs
http://www.kiddicare.com/c/Prams.htm,"Pushchairs, Prams, Strollers",Shop pushchairs
http://www.kiddicare.com/c/Twin_and_Double_Pushchairs.htm,"Pushchairs, Prams, Strollers",Shop pushchairs
http://www.kiddicare.com/c/3_Wheeler_Pushchairs.htm,"Pushchairs, Prams, Strollers",Shop pushchairs
http://www.kiddicare.com/c/Pushchair_and_Buggy_Footmuffs.htm,"Pushchairs, Prams, Strollers",Shop pushchairs
http://www.kiddicare.com/c/Pushchair_Bags_and_Accessories.htm,"Pushchairs, Prams, Strollers",Shop pushchairs
http://www.kiddicare.com/c/Ride_On_Boards.htm,"Pushchairs, Prams, Strollers",Shop pushchairs
http://www.kiddicare.com/c/Trays_and_Cup_Holders.htm,"Pushchairs, Prams, Strollers",Shop pushchairs
http://www.kiddicare.com/c/Parasols_and_Sun_Protection.htm,"Pushchairs, Prams, Strollers",Shop pushchairs
http://www.kiddicare.com/c/Pram_And_Pushchair_Toys.htm,"Pushchairs, Prams, Strollers",Shop pushchairs
http://www.kiddicare.com/c/Liners_Inserts.htm,"Pushchairs, Prams, Strollers",Shop pushchairs
http://www.kiddicare.com/c/Buggy_Adaptors.htm,"Pushchairs, Prams, Strollers",Shop pushchairs
http://www.kiddicare.com/c/Carrycots.htm,"Pushchairs, Prams, Strollers",Shop pushchairs
http://www.kiddicare.com/c/Second_Seats.htm,"Pushchairs, Prams, Strollers",Shop pushchairs
http://www.kiddicare.com/c/Pushchair_Raincovers.htm,"Pushchairs, Prams, Strollers",Shop pushchairs
http://www.kiddicare.com/c/Buggy_Lights_and_Reflectors.htm,"Pushchairs, Prams, Strollers",Shop pushchairs
http://www.kiddicare.com/c/Bumper_Bars.htm,"Pushchairs, Prams, Strollers",Shop pushchairs
http://www.kiddicare.com/c/Joie_Pushchairs.htm,"Pushchairs, Prams, Strollers",Shop pushchairs
http://www.kiddicare.com/c/Chicco_Pushchairs.htm,"Pushchairs, Prams, Strollers",Shop pushchairs
http://www.kiddicare.com/c/Quinny_Pushchairs.htm,"Pushchairs, Prams, Strollers",Shop pushchairs
http://www.kiddicare.com/c/My_Babiie_Pushchairs.htm,"Pushchairs, Prams, Strollers",Shop pushchairs
http://www.kiddicare.com/c/Ickle_Bubba_Pushchairs.htm,"Pushchairs, Prams, Strollers",Shop pushchairs
http://www.kiddicare.com/c/Out_n_About.htm,"Pushchairs, Prams, Strollers",Shop pushchairs
http://www.kiddicare.com/c/Maclaren_Pushchairs.htm,"Pushchairs, Prams, Strollers",Shop pushchairs
http://www.kiddicare.com/c/UPPAbaby_Pushchairs.htm,"Pushchairs, Prams, Strollers",Shop pushchairs
http://www.kiddicare.com/c/Baby_Jogger_Pushchairs.htm,"Pushchairs, Prams, Strollers",Shop pushchairs
http://www.kiddicare.com/c/Cosatto_Pushchairs.htm,"Pushchairs, Prams, Strollers",Shop pushchairs
http://www.kiddicare.com/c/Egg.htm,"Pushchairs, Prams, Strollers",Shop pushchairs
http://www.kiddicare.com/c/Phil_and_Teds_Pushchairs.htm,"Pushchairs, Prams, Strollers",Shop pushchairs
http://www.kiddicare.com/c/Oyster_Pushchairs.htm,"Pushchairs, Prams, Strollers",Shop pushchairs
http://www.kiddicare.com/c/Hauck_Pushchairs.htm,"Pushchairs, Prams, Strollers",Shop pushchairs
http://www.kiddicare.com/c/Babyzen.htm,"Pushchairs, Prams, Strollers",Shop pushchairs
http://www.kiddicare.com/c/Brands.htm,"Pushchairs, Prams, Strollers",Shop pushchairs
